media,cpu,io_option,option_value,IOPS
SATAHDD,12CPU,block_restart_interval,32,297692
SATAHDD,12CPU,block_restart_interval,0,276370
SATAHDD,12CPU,block_restart_interval,16,280939
SATASSD,12CPU,block_restart_interval,32,123053
SATASSD,12CPU,block_restart_interval,0,138290
SATASSD,12CPU,block_restart_interval,16,128664
NVMeSSD,12CPU,block_restart_interval,32,407610
NVMeSSD,12CPU,block_restart_interval,0,402554
NVMeSSD,12CPU,block_restart_interval,16,407243
SATAHDD,12CPU,block_size,4096,301812
SATAHDD,12CPU,block_size,8192,289440
SATAHDD,12CPU,block_size,40960,295027
SATAHDD,12CPU,block_size,81920,298150
SATASSD,12CPU,block_size,4096,111520
SATASSD,12CPU,block_size,8192,122437
SATASSD,12CPU,block_size,40960,113220
SATASSD,12CPU,block_size,81920,118652
NVMeSSD,12CPU,block_size,4096,404364
NVMeSSD,12CPU,block_size,8192,409906
NVMeSSD,12CPU,block_size,40960,410303
NVMeSSD,12CPU,block_size,81920,407140
SATAHDD,12CPU,bytes_per_sync,1048576,312086
SATAHDD,12CPU,bytes_per_sync,1024,284808
SATAHDD,12CPU,bytes_per_sync,0,284176
SATAHDD,12CPU,bytes_per_sync,67108864,311951
SATASSD,12CPU,bytes_per_sync,1048576,178948
SATASSD,12CPU,bytes_per_sync,1024,192475
SATASSD,12CPU,bytes_per_sync,0,192730
SATASSD,12CPU,bytes_per_sync,67108864,170654
NVMeSSD,12CPU,bytes_per_sync,1048576,398768
NVMeSSD,12CPU,bytes_per_sync,1024,410457
NVMeSSD,12CPU,bytes_per_sync,0,414649
NVMeSSD,12CPU,bytes_per_sync,67108864,411923
SATAHDD,12CPU,cache_high_pri_pool_ratio,0.5,295973
SATAHDD,12CPU,cache_high_pri_pool_ratio,0.75,284773
SATAHDD,12CPU,cache_high_pri_pool_ratio,0.25,298700
SATAHDD,12CPU,cache_high_pri_pool_ratio,0.95,291161
SATAHDD,12CPU,cache_high_pri_pool_ratio,0,298058
SATASSD,12CPU,cache_high_pri_pool_ratio,0.5,122204
SATASSD,12CPU,cache_high_pri_pool_ratio,0.75,111897
SATASSD,12CPU,cache_high_pri_pool_ratio,0.25,131546
SATASSD,12CPU,cache_high_pri_pool_ratio,0.95,125874
SATASSD,12CPU,cache_high_pri_pool_ratio,0,131829
NVMeSSD,12CPU,cache_high_pri_pool_ratio,0.5,407335
NVMeSSD,12CPU,cache_high_pri_pool_ratio,0.75,411239
NVMeSSD,12CPU,cache_high_pri_pool_ratio,0.25,403997
NVMeSSD,12CPU,cache_high_pri_pool_ratio,0.95,411944
NVMeSSD,12CPU,cache_high_pri_pool_ratio,0,409201
SATAHDD,12CPU,cache_index_and_filter_blocks,True,290606
SATAHDD,12CPU,cache_index_and_filter_blocks,False,315648
SATASSD,12CPU,cache_index_and_filter_blocks,True,125514
SATASSD,12CPU,cache_index_and_filter_blocks,False,127285
NVMeSSD,12CPU,cache_index_and_filter_blocks,True,412189
NVMeSSD,12CPU,cache_index_and_filter_blocks,False,413324
SATAHDD,12CPU,cache_numshardbits,8,270314
SATAHDD,12CPU,cache_numshardbits,6,295463
SATAHDD,12CPU,cache_numshardbits,10,273298
SATASSD,12CPU,cache_numshardbits,8,116099
SATASSD,12CPU,cache_numshardbits,6,119865
SATASSD,12CPU,cache_numshardbits,10,120654
NVMeSSD,12CPU,cache_numshardbits,8,412938
NVMeSSD,12CPU,cache_numshardbits,6,418402
NVMeSSD,12CPU,cache_numshardbits,10,410178
SATAHDD,12CPU,cache_size,83886080,250876
SATAHDD,12CPU,cache_size,8388608,256266
SATASSD,12CPU,cache_size,83886080,127551
SATASSD,12CPU,cache_size,8388608,112882
NVMeSSD,12CPU,cache_size,83886080,414967
NVMeSSD,12CPU,cache_size,8388608,415050
SATAHDD,12CPU,compaction_fadvice,NORMAL,244870
SATASSD,12CPU,compaction_fadvice,NORMAL,117840
NVMeSSD,12CPU,compaction_fadvice,NORMAL,411468
SATAHDD,12CPU,compaction_pri,1,277175
SATAHDD,12CPU,compaction_pri,3,269744
SATAHDD,12CPU,compaction_pri,0,262900
SATAHDD,12CPU,compaction_pri,2,260013
SATASSD,12CPU,compaction_pri,1,139034
SATASSD,12CPU,compaction_pri,3,115132
SATASSD,12CPU,compaction_pri,0,117173
SATASSD,12CPU,compaction_pri,2,119005
NVMeSSD,12CPU,compaction_pri,1,413955
NVMeSSD,12CPU,compaction_pri,3,411968
NVMeSSD,12CPU,compaction_pri,0,409417
NVMeSSD,12CPU,compaction_pri,2,411949
SATAHDD,12CPU,compaction_readahead_size,0,268742
SATASSD,12CPU,compaction_readahead_size,0,118676
NVMeSSD,12CPU,compaction_readahead_size,0,409372
SATAHDD,12CPU,compaction_style,1,272315
SATAHDD,12CPU,compaction_style,0,253815
SATAHDD,12CPU,compaction_style,2,425000
SATASSD,12CPU,compaction_style,1,122498
SATASSD,12CPU,compaction_style,0,117380
SATASSD,12CPU,compaction_style,2,338981
NVMeSSD,12CPU,compaction_style,1,414414
NVMeSSD,12CPU,compaction_style,0,409135
NVMeSSD,12CPU,compaction_style,2,427610
SATAHDD,12CPU,compression_level,8,243299
SATAHDD,12CPU,compression_level,4,215048
SATAHDD,12CPU,compression_level,-1,261291
SATAHDD,12CPU,compression_level,0,250600
SATASSD,12CPU,compression_level,8,120099
SATASSD,12CPU,compression_level,4,114149
SATASSD,12CPU,compression_level,-1,125062
SATASSD,12CPU,compression_level,0,118246
NVMeSSD,12CPU,compression_level,8,413077
NVMeSSD,12CPU,compression_level,4,407117
NVMeSSD,12CPU,compression_level,-1,405152
NVMeSSD,12CPU,compression_level,0,412582
SATAHDD,12CPU,compression_max_dict_bytes,64,220379
SATAHDD,12CPU,compression_max_dict_bytes,0,249371
SATAHDD,12CPU,compression_max_dict_bytes,640,219161
SATAHDD,12CPU,compression_max_dict_bytes,6400,224677
SATASSD,12CPU,compression_max_dict_bytes,64,101194
SATASSD,12CPU,compression_max_dict_bytes,0,111704
SATASSD,12CPU,compression_max_dict_bytes,640,125477
SATASSD,12CPU,compression_max_dict_bytes,6400,124501
NVMeSSD,12CPU,compression_max_dict_bytes,64,405034
NVMeSSD,12CPU,compression_max_dict_bytes,0,415243
NVMeSSD,12CPU,compression_max_dict_bytes,640,415766
NVMeSSD,12CPU,compression_max_dict_bytes,6400,412851
SATAHDD,12CPU,compression_ratio,0.5,268200
SATASSD,12CPU,compression_ratio,0.5,115332
NVMeSSD,12CPU,compression_ratio,0.5,399185
SATAHDD,12CPU,compression_type,snappy,372534
SATAHDD,12CPU,compression_type,none,279876
SATASSD,12CPU,compression_type,snappy,194163
SATASSD,12CPU,compression_type,none,105138
NVMeSSD,12CPU,compression_type,snappy,411920
NVMeSSD,12CPU,compression_type,none,408481
SATAHDD,12CPU,cuckoo_hash_ratio,0.9,214603
SATAHDD,12CPU,cuckoo_hash_ratio,0.8,200180
SATASSD,12CPU,cuckoo_hash_ratio,0.9,242136
SATASSD,12CPU,cuckoo_hash_ratio,0.8,200830
NVMeSSD,12CPU,cuckoo_hash_ratio,0.9,410737
NVMeSSD,12CPU,cuckoo_hash_ratio,0.8,410524
SATAHDD,12CPU,delayed_write_rate,83886080,179966
SATAHDD,12CPU,delayed_write_rate,8388608,203842
SATASSD,12CPU,delayed_write_rate,83886080,190633
SATASSD,12CPU,delayed_write_rate,8388608,197490
NVMeSSD,12CPU,delayed_write_rate,83886080,406801
NVMeSSD,12CPU,delayed_write_rate,8388608,416690
SATAHDD,12CPU,disable_wal,True,253993
SATAHDD,12CPU,disable_wal,False,309006
SATASSD,12CPU,disable_wal,True,199941
SATASSD,12CPU,disable_wal,False,185587
NVMeSSD,12CPU,disable_wal,True,869711
NVMeSSD,12CPU,disable_wal,False,410277
SATAHDD,12CPU,enable_io_prio,True,279818
SATAHDD,12CPU,enable_io_prio,False,293008
SATASSD,12CPU,enable_io_prio,True,167394
SATASSD,12CPU,enable_io_prio,False,162160
NVMeSSD,12CPU,enable_io_prio,True,415381
NVMeSSD,12CPU,enable_io_prio,False,406982
SATAHDD,12CPU,enable_pipelined_write,True,310548
SATAHDD,12CPU,enable_pipelined_write,False,279702
SATASSD,12CPU,enable_pipelined_write,True,172446
SATASSD,12CPU,enable_pipelined_write,False,171306
NVMeSSD,12CPU,enable_pipelined_write,True,417696
NVMeSSD,12CPU,enable_pipelined_write,False,419032
SATAHDD,12CPU,enable_write_thread_adaptive_yield,True,301027
SATAHDD,12CPU,enable_write_thread_adaptive_yield,False,281174
SATASSD,12CPU,enable_write_thread_adaptive_yield,True,178407
SATASSD,12CPU,enable_write_thread_adaptive_yield,False,181322
NVMeSSD,12CPU,enable_write_thread_adaptive_yield,True,409382
NVMeSSD,12CPU,enable_write_thread_adaptive_yield,False,412788
SATAHDD,12CPU,expand_range_tombstones,True,293989
SATAHDD,12CPU,expand_range_tombstones,False,279354
SATASSD,12CPU,expand_range_tombstones,True,167571
SATASSD,12CPU,expand_range_tombstones,False,158825
NVMeSSD,12CPU,expand_range_tombstones,True,409330
NVMeSSD,12CPU,expand_range_tombstones,False,416131
SATAHDD,12CPU,finish_after_writes,True,294759
SATAHDD,12CPU,finish_after_writes,False,287787
SATASSD,12CPU,finish_after_writes,True,182230
SATASSD,12CPU,finish_after_writes,False,168875
NVMeSSD,12CPU,finish_after_writes,True,404689
NVMeSSD,12CPU,finish_after_writes,False,405096
SATAHDD,12CPU,hard_pending_compaction_bytes_limit,137438953472,295050
SATAHDD,12CPU,hard_pending_compaction_bytes_limit,1374389534720,287982
SATAHDD,12CPU,hard_pending_compaction_bytes_limit,13743895347,280993
SATASSD,12CPU,hard_pending_compaction_bytes_limit,137438953472,179061
SATASSD,12CPU,hard_pending_compaction_bytes_limit,1374389534720,147864
SATASSD,12CPU,hard_pending_compaction_bytes_limit,13743895347,164881
NVMeSSD,12CPU,hard_pending_compaction_bytes_limit,137438953472,411068
NVMeSSD,12CPU,hard_pending_compaction_bytes_limit,1374389534720,407210
NVMeSSD,12CPU,hard_pending_compaction_bytes_limit,13743895347,412608
SATAHDD,12CPU,hash_bucket_count,104857,282991
SATAHDD,12CPU,hash_bucket_count,1048576,288129
SATAHDD,12CPU,hash_bucket_count,10485760,274716
SATASSD,12CPU,hash_bucket_count,104857,163132
SATASSD,12CPU,hash_bucket_count,1048576,163761
SATASSD,12CPU,hash_bucket_count,10485760,170950
NVMeSSD,12CPU,hash_bucket_count,104857,411180
NVMeSSD,12CPU,hash_bucket_count,1048576,414191
NVMeSSD,12CPU,hash_bucket_count,10485760,405292
SATAHDD,12CPU,identity_as_first_hash,True,279730
SATAHDD,12CPU,identity_as_first_hash,False,277190
SATASSD,12CPU,identity_as_first_hash,True,167688
SATASSD,12CPU,identity_as_first_hash,False,152358
NVMeSSD,12CPU,identity_as_first_hash,True,394531
NVMeSSD,12CPU,identity_as_first_hash,False,411506
SATAHDD,12CPU,index_block_restart_interval,1,274345
SATAHDD,12CPU,index_block_restart_interval,4,284243
SATAHDD,12CPU,index_block_restart_interval,16,249506
SATASSD,12CPU,index_block_restart_interval,1,161799
SATASSD,12CPU,index_block_restart_interval,4,170253
SATASSD,12CPU,index_block_restart_interval,16,167171
NVMeSSD,12CPU,index_block_restart_interval,1,399193
NVMeSSD,12CPU,index_block_restart_interval,4,412820
NVMeSSD,12CPU,index_block_restart_interval,16,404554
SATAHDD,12CPU,level0_slowdown_writes_trigger,8,224303
SATAHDD,12CPU,level0_slowdown_writes_trigger,4,162627
SATAHDD,12CPU,level0_slowdown_writes_trigger,32,236200
SATAHDD,12CPU,level0_slowdown_writes_trigger,20,260199
SATAHDD,12CPU,level0_slowdown_writes_trigger,16,248567
SATASSD,12CPU,level0_slowdown_writes_trigger,8,138111
SATASSD,12CPU,level0_slowdown_writes_trigger,4,100711
SATASSD,12CPU,level0_slowdown_writes_trigger,32,169279
SATASSD,12CPU,level0_slowdown_writes_trigger,20,169812
SATASSD,12CPU,level0_slowdown_writes_trigger,16,150969
NVMeSSD,12CPU,level0_slowdown_writes_trigger,8,406430
NVMeSSD,12CPU,level0_slowdown_writes_trigger,4,330225
NVMeSSD,12CPU,level0_slowdown_writes_trigger,32,407091
NVMeSSD,12CPU,level0_slowdown_writes_trigger,20,412901
NVMeSSD,12CPU,level0_slowdown_writes_trigger,16,413034
SATAHDD,12CPU,level_compaction_dynamic_level_bytes,True,277403
SATAHDD,12CPU,level_compaction_dynamic_level_bytes,False,242094
SATASSD,12CPU,level_compaction_dynamic_level_bytes,True,171652
SATASSD,12CPU,level_compaction_dynamic_level_bytes,False,161753
NVMeSSD,12CPU,level_compaction_dynamic_level_bytes,True,416148
NVMeSSD,12CPU,level_compaction_dynamic_level_bytes,False,410467
SATAHDD,12CPU,max_bytes_for_level_multiplier,4,228723
SATAHDD,12CPU,max_bytes_for_level_multiplier,10,234302
SATAHDD,12CPU,max_bytes_for_level_multiplier,20,233517
SATASSD,12CPU,max_bytes_for_level_multiplier,4,167748
SATASSD,12CPU,max_bytes_for_level_multiplier,10,162248
SATASSD,12CPU,max_bytes_for_level_multiplier,20,151220
NVMeSSD,12CPU,max_bytes_for_level_multiplier,4,413025
NVMeSSD,12CPU,max_bytes_for_level_multiplier,10,410971
NVMeSSD,12CPU,max_bytes_for_level_multiplier,20,411377
SATAHDD,12CPU,max_compaction_bytes,671088640,241736
SATAHDD,12CPU,max_compaction_bytes,6710886400,208846
SATAHDD,12CPU,max_compaction_bytes,0,237582
SATAHDD,12CPU,max_compaction_bytes,67108864,225758
SATASSD,12CPU,max_compaction_bytes,671088640,127078
SATASSD,12CPU,max_compaction_bytes,6710886400,119234
SATASSD,12CPU,max_compaction_bytes,0,151563
SATASSD,12CPU,max_compaction_bytes,67108864,168192
NVMeSSD,12CPU,max_compaction_bytes,671088640,415721
NVMeSSD,12CPU,max_compaction_bytes,6710886400,404358
NVMeSSD,12CPU,max_compaction_bytes,0,412935
NVMeSSD,12CPU,max_compaction_bytes,67108864,412750
SATAHDD,12CPU,max_num_range_tombstones,100,298517
SATAHDD,12CPU,max_num_range_tombstones,10,198955
SATAHDD,12CPU,max_num_range_tombstones,0,185652
SATAHDD,12CPU,max_num_range_tombstones,50,253589
SATASSD,12CPU,max_num_range_tombstones,100,141540
SATASSD,12CPU,max_num_range_tombstones,10,133259
SATASSD,12CPU,max_num_range_tombstones,0,152962
SATASSD,12CPU,max_num_range_tombstones,50,146435
NVMeSSD,12CPU,max_num_range_tombstones,100,414560
NVMeSSD,12CPU,max_num_range_tombstones,10,413501
NVMeSSD,12CPU,max_num_range_tombstones,0,410877
NVMeSSD,12CPU,max_num_range_tombstones,50,410729
SATAHDD,12CPU,max_successive_merges,671088,296884
SATAHDD,12CPU,max_successive_merges,100,285064
SATAHDD,12CPU,max_successive_merges,6710,307344
SATAHDD,12CPU,max_successive_merges,67108,292160
SATAHDD,12CPU,max_successive_merges,0,315961
SATAHDD,12CPU,max_successive_merges,671,302370
SATASSD,12CPU,max_successive_merges,671088,127040
SATASSD,12CPU,max_successive_merges,100,160042
SATASSD,12CPU,max_successive_merges,6710,114600
SATASSD,12CPU,max_successive_merges,67108,121693
SATASSD,12CPU,max_successive_merges,0,133457
SATASSD,12CPU,max_successive_merges,671,123972
NVMeSSD,12CPU,max_successive_merges,671088,411331
NVMeSSD,12CPU,max_successive_merges,100,410409
NVMeSSD,12CPU,max_successive_merges,6710,405551
NVMeSSD,12CPU,max_successive_merges,67108,415931
NVMeSSD,12CPU,max_successive_merges,0,412897
NVMeSSD,12CPU,max_successive_merges,671,412792
SATAHDD,12CPU,max_total_wal_size,0,309292
SATAHDD,12CPU,max_total_wal_size,67108864,295506
SATASSD,12CPU,max_total_wal_size,0,163977
SATASSD,12CPU,max_total_wal_size,67108864,166340
NVMeSSD,12CPU,max_total_wal_size,0,410248
NVMeSSD,12CPU,max_total_wal_size,67108864,414426
SATAHDD,12CPU,memtable_bloom_size_ratio,0.5,277534
SATAHDD,12CPU,memtable_bloom_size_ratio,0.75,286568
SATAHDD,12CPU,memtable_bloom_size_ratio,0.25,294168
SATAHDD,12CPU,memtable_bloom_size_ratio,0.1,299348
SATAHDD,12CPU,memtable_bloom_size_ratio,0,295586
SATASSD,12CPU,memtable_bloom_size_ratio,0.5,129050
SATASSD,12CPU,memtable_bloom_size_ratio,0.75,157372
SATASSD,12CPU,memtable_bloom_size_ratio,0.25,124899
SATASSD,12CPU,memtable_bloom_size_ratio,0.1,112857
SATASSD,12CPU,memtable_bloom_size_ratio,0,139661
NVMeSSD,12CPU,memtable_bloom_size_ratio,0.5,413525
NVMeSSD,12CPU,memtable_bloom_size_ratio,0.75,413206
NVMeSSD,12CPU,memtable_bloom_size_ratio,0.25,408708
NVMeSSD,12CPU,memtable_bloom_size_ratio,0.1,412794
NVMeSSD,12CPU,memtable_bloom_size_ratio,0,414354
SATAHDD,12CPU,memtable_insert_with_hint_prefix_size,8,172840
SATAHDD,12CPU,memtable_insert_with_hint_prefix_size,4,292792
SATAHDD,12CPU,memtable_insert_with_hint_prefix_size,0,270471
SATAHDD,12CPU,memtable_insert_with_hint_prefix_size,2,293662
SATASSD,12CPU,memtable_insert_with_hint_prefix_size,8,75551
SATASSD,12CPU,memtable_insert_with_hint_prefix_size,4,111085
SATASSD,12CPU,memtable_insert_with_hint_prefix_size,0,150401
SATASSD,12CPU,memtable_insert_with_hint_prefix_size,2,121520
NVMeSSD,12CPU,memtable_insert_with_hint_prefix_size,8,376107
NVMeSSD,12CPU,memtable_insert_with_hint_prefix_size,4,392607
NVMeSSD,12CPU,memtable_insert_with_hint_prefix_size,0,416931
NVMeSSD,12CPU,memtable_insert_with_hint_prefix_size,2,391785
SATAHDD,12CPU,memtable_use_huge_page,True,271870
SATAHDD,12CPU,memtable_use_huge_page,False,261080
SATASSD,12CPU,memtable_use_huge_page,True,118653
SATASSD,12CPU,memtable_use_huge_page,False,134007
NVMeSSD,12CPU,memtable_use_huge_page,True,410510
NVMeSSD,12CPU,memtable_use_huge_page,False,410967
SATAHDD,12CPU,memtablerep,skip_list,278557
SATASSD,12CPU,memtablerep,skip_list,117790
NVMeSSD,12CPU,memtablerep,skip_list,408438
SATAHDD,12CPU,merge_keys,100,246293
SATAHDD,12CPU,merge_keys,1600,225549
SATAHDD,12CPU,merge_keys,-1,260239
SATAHDD,12CPU,merge_keys,400,248510
SATASSD,12CPU,merge_keys,100,124063
SATASSD,12CPU,merge_keys,1600,139162
SATASSD,12CPU,merge_keys,-1,115814
SATASSD,12CPU,merge_keys,400,145089
NVMeSSD,12CPU,merge_keys,100,408092
NVMeSSD,12CPU,merge_keys,1600,408852
NVMeSSD,12CPU,merge_keys,-1,402579
NVMeSSD,12CPU,merge_keys,400,402954
SATAHDD,12CPU,min_level_to_compress,1,256773
SATAHDD,12CPU,min_level_to_compress,3,235939
SATAHDD,12CPU,min_level_to_compress,-1,255316
SATASSD,12CPU,min_level_to_compress,1,122413
SATASSD,12CPU,min_level_to_compress,3,119953
SATASSD,12CPU,min_level_to_compress,-1,113495
NVMeSSD,12CPU,min_level_to_compress,1,407892
NVMeSSD,12CPU,min_level_to_compress,3,411797
NVMeSSD,12CPU,min_level_to_compress,-1,415352
SATAHDD,12CPU,min_write_buffer_number_to_merge,1,234167
SATAHDD,12CPU,min_write_buffer_number_to_merge,4,267312
SATAHDD,12CPU,min_write_buffer_number_to_merge,2,243845
SATASSD,12CPU,min_write_buffer_number_to_merge,1,136565
SATASSD,12CPU,min_write_buffer_number_to_merge,4,127505
SATASSD,12CPU,min_write_buffer_number_to_merge,2,130657
NVMeSSD,12CPU,min_write_buffer_number_to_merge,1,414690
NVMeSSD,12CPU,min_write_buffer_number_to_merge,4,409720
NVMeSSD,12CPU,min_write_buffer_number_to_merge,2,411909
SATAHDD,12CPU,mmap_read,True,225512
SATAHDD,12CPU,mmap_read,False,203610
SATASSD,12CPU,mmap_read,True,149435
SATASSD,12CPU,mmap_read,False,189503
NVMeSSD,12CPU,mmap_read,True,406558
NVMeSSD,12CPU,mmap_read,False,411327
SATAHDD,12CPU,mmap_write,True,192855
SATAHDD,12CPU,mmap_write,False,199346
SATASSD,12CPU,mmap_write,True,114591
SATASSD,12CPU,mmap_write,False,106865
NVMeSSD,12CPU,mmap_write,True,402393
NVMeSSD,12CPU,mmap_write,False,412205
SATAHDD,12CPU,new_table_reader_for_compaction_inputs,1,211392
SATAHDD,12CPU,new_table_reader_for_compaction_inputs,0,184472
SATASSD,12CPU,new_table_reader_for_compaction_inputs,1,124919
SATASSD,12CPU,new_table_reader_for_compaction_inputs,0,113820
NVMeSSD,12CPU,new_table_reader_for_compaction_inputs,1,415406
NVMeSSD,12CPU,new_table_reader_for_compaction_inputs,0,411821
SATAHDD,12CPU,open_files,1024,282354
SATAHDD,12CPU,open_files,64,274674
SATAHDD,12CPU,open_files,10,301749
SATAHDD,12CPU,open_files,-1,295810
SATAHDD,12CPU,open_files,2048,293699
SATASSD,12CPU,open_files,1024,140432
SATASSD,12CPU,open_files,64,137774
SATASSD,12CPU,open_files,10,125303
SATASSD,12CPU,open_files,-1,120426
SATASSD,12CPU,open_files,2048,133566
NVMeSSD,12CPU,open_files,1024,398312
NVMeSSD,12CPU,open_files,64,402310
NVMeSSD,12CPU,open_files,10,404157
NVMeSSD,12CPU,open_files,-1,407919
NVMeSSD,12CPU,open_files,2048,410028
SATAHDD,12CPU,optimize_filters_for_hits,True,303735
SATAHDD,12CPU,optimize_filters_for_hits,False,303033
SATASSD,12CPU,optimize_filters_for_hits,True,120484
SATASSD,12CPU,optimize_filters_for_hits,False,109528
NVMeSSD,12CPU,optimize_filters_for_hits,True,411053
NVMeSSD,12CPU,optimize_filters_for_hits,False,410917
SATAHDD,12CPU,pin_l0_filter_and_index_blocks_in_cache,True,290488
SATAHDD,12CPU,pin_l0_filter_and_index_blocks_in_cache,False,304254
SATASSD,12CPU,pin_l0_filter_and_index_blocks_in_cache,True,111202
SATASSD,12CPU,pin_l0_filter_and_index_blocks_in_cache,False,117306
NVMeSSD,12CPU,pin_l0_filter_and_index_blocks_in_cache,True,414075
NVMeSSD,12CPU,pin_l0_filter_and_index_blocks_in_cache,False,407524
SATAHDD,12CPU,prefix_size,8,275073
SATAHDD,12CPU,prefix_size,4,309640
SATAHDD,12CPU,prefix_size,0,298323
SATAHDD,12CPU,prefix_size,2,294826
SATASSD,12CPU,prefix_size,8,121423
SATASSD,12CPU,prefix_size,4,119379
SATASSD,12CPU,prefix_size,0,118799
SATASSD,12CPU,prefix_size,2,118466
NVMeSSD,12CPU,prefix_size,8,413596
NVMeSSD,12CPU,prefix_size,4,408101
NVMeSSD,12CPU,prefix_size,0,401980
NVMeSSD,12CPU,prefix_size,2,408950
SATAHDD,12CPU,range_tombstone_width,100,287914
SATAHDD,12CPU,range_tombstone_width,10,267077
SATAHDD,12CPU,range_tombstone_width,1000,284068
SATASSD,12CPU,range_tombstone_width,100,109785
SATASSD,12CPU,range_tombstone_width,10,128011
SATASSD,12CPU,range_tombstone_width,1000,110305
NVMeSSD,12CPU,range_tombstone_width,100,406709
NVMeSSD,12CPU,range_tombstone_width,10,407437
NVMeSSD,12CPU,range_tombstone_width,1000,409042
SATAHDD,12CPU,rate_limit_delay_max_milliseconds,100,277047
SATAHDD,12CPU,rate_limit_delay_max_milliseconds,10000,291453
SATAHDD,12CPU,rate_limit_delay_max_milliseconds,1000,285107
SATASSD,12CPU,rate_limit_delay_max_milliseconds,100,121472
SATASSD,12CPU,rate_limit_delay_max_milliseconds,10000,122618
SATASSD,12CPU,rate_limit_delay_max_milliseconds,1000,111396
NVMeSSD,12CPU,rate_limit_delay_max_milliseconds,100,416352
NVMeSSD,12CPU,rate_limit_delay_max_milliseconds,10000,410350
NVMeSSD,12CPU,rate_limit_delay_max_milliseconds,1000,413065
SATAHDD,12CPU,read_amp_bytes_per_bit,1024,261265
SATAHDD,12CPU,read_amp_bytes_per_bit,0,275507
SATAHDD,12CPU,read_amp_bytes_per_bit,128,273656
SATAHDD,12CPU,read_amp_bytes_per_bit,16,245582
SATASSD,12CPU,read_amp_bytes_per_bit,1024,115927
SATASSD,12CPU,read_amp_bytes_per_bit,0,128273
SATASSD,12CPU,read_amp_bytes_per_bit,128,111563
SATASSD,12CPU,read_amp_bytes_per_bit,16,112509
NVMeSSD,12CPU,read_amp_bytes_per_bit,1024,406417
NVMeSSD,12CPU,read_amp_bytes_per_bit,0,409927
NVMeSSD,12CPU,read_amp_bytes_per_bit,128,401853
NVMeSSD,12CPU,read_amp_bytes_per_bit,16,404344
SATAHDD,12CPU,read_cache_direct_read,True,271867
SATAHDD,12CPU,read_cache_direct_read,False,257482
SATASSD,12CPU,read_cache_direct_read,True,125138
SATASSD,12CPU,read_cache_direct_read,False,108868
NVMeSSD,12CPU,read_cache_direct_read,True,409197
NVMeSSD,12CPU,read_cache_direct_read,False,395828
SATAHDD,12CPU,read_cache_direct_write,True,249904
SATAHDD,12CPU,read_cache_direct_write,False,257687
SATASSD,12CPU,read_cache_direct_write,True,124317
SATASSD,12CPU,read_cache_direct_write,False,118050
NVMeSSD,12CPU,read_cache_direct_write,True,408762
NVMeSSD,12CPU,read_cache_direct_write,False,410057
SATAHDD,12CPU,read_cache_path,homejinghuanrocksdb_ssd,246527
SATAHDD,12CPU,read_cache_path,homejinghuanrocksdb_hdd,231882
SATAHDD,12CPU,read_cache_path,homejinghuanrocksdb_nvme,220989
SATASSD,12CPU,read_cache_path,homejinghuanrocksdb_ssd,128138
SATASSD,12CPU,read_cache_path,homejinghuanrocksdb_hdd,118317
SATASSD,12CPU,read_cache_path,homejinghuanrocksdb_nvme,118411
NVMeSSD,12CPU,read_cache_path,homejinghuanrocksdb_ssd,368046
NVMeSSD,12CPU,read_cache_path,homejinghuanrocksdb_hdd,395692
NVMeSSD,12CPU,read_cache_path,homejinghuanrocksdb_nvme,407203
SATAHDD,12CPU,read_cache_size,42949672960,216558
SATAHDD,12CPU,read_cache_size,429496729,229859
SATAHDD,12CPU,read_cache_size,4294967296,223102
SATASSD,12CPU,read_cache_size,42949672960,128254
SATASSD,12CPU,read_cache_size,429496729,118974
SATASSD,12CPU,read_cache_size,4294967296,133806
NVMeSSD,12CPU,read_cache_size,42949672960,413523
NVMeSSD,12CPU,read_cache_size,429496729,408073
NVMeSSD,12CPU,read_cache_size,4294967296,394713
SATAHDD,12CPU,reads,-1,227117
SATASSD,12CPU,reads,-1,103859
NVMeSSD,12CPU,reads,-1,406847
SATAHDD,12CPU,reverse_iterator,True,211323
SATAHDD,12CPU,reverse_iterator,False,196002
SATASSD,12CPU,reverse_iterator,True,117388
SATASSD,12CPU,reverse_iterator,False,120043
NVMeSSD,12CPU,reverse_iterator,True,409533
NVMeSSD,12CPU,reverse_iterator,False,405821
SATAHDD,12CPU,row_cache_size,10240,304267
SATAHDD,12CPU,row_cache_size,1024,187591
SATAHDD,12CPU,row_cache_size,0,204545
SATASSD,12CPU,row_cache_size,10240,119545
SATASSD,12CPU,row_cache_size,1024,115888
SATASSD,12CPU,row_cache_size,0,113302
NVMeSSD,12CPU,row_cache_size,10240,406478
NVMeSSD,12CPU,row_cache_size,1024,413685
NVMeSSD,12CPU,row_cache_size,0,413230
SATAHDD,12CPU,show_table_properties,True,284261
SATAHDD,12CPU,show_table_properties,False,297004
SATASSD,12CPU,show_table_properties,True,118450
SATASSD,12CPU,show_table_properties,False,116531
NVMeSSD,12CPU,show_table_properties,True,409545
NVMeSSD,12CPU,show_table_properties,False,409557
SATAHDD,12CPU,skip_list_lookahead,1,306655
SATAHDD,12CPU,skip_list_lookahead,8,295993
SATAHDD,12CPU,skip_list_lookahead,4,290951
SATAHDD,12CPU,skip_list_lookahead,0,298671
SATAHDD,12CPU,skip_list_lookahead,2,307704
SATASSD,12CPU,skip_list_lookahead,1,112859
SATASSD,12CPU,skip_list_lookahead,8,128364
SATASSD,12CPU,skip_list_lookahead,4,120370
SATASSD,12CPU,skip_list_lookahead,0,126941
SATASSD,12CPU,skip_list_lookahead,2,117158
NVMeSSD,12CPU,skip_list_lookahead,1,408723
NVMeSSD,12CPU,skip_list_lookahead,8,407747
NVMeSSD,12CPU,skip_list_lookahead,4,409942
NVMeSSD,12CPU,skip_list_lookahead,0,407290
NVMeSSD,12CPU,skip_list_lookahead,2,409601
SATAHDD,12CPU,soft_pending_compaction_bytes_limit,6871947673,263891
SATAHDD,12CPU,soft_pending_compaction_bytes_limit,68719476736,299280
SATAHDD,12CPU,soft_pending_compaction_bytes_limit,687194767360,294116
SATASSD,12CPU,soft_pending_compaction_bytes_limit,6871947673,116373
SATASSD,12CPU,soft_pending_compaction_bytes_limit,68719476736,129806
SATASSD,12CPU,soft_pending_compaction_bytes_limit,687194767360,125191
NVMeSSD,12CPU,soft_pending_compaction_bytes_limit,6871947673,411629
NVMeSSD,12CPU,soft_pending_compaction_bytes_limit,68719476736,407758
NVMeSSD,12CPU,soft_pending_compaction_bytes_limit,687194767360,407465
SATAHDD,12CPU,table_cache_numshardbits,4,290601
SATAHDD,12CPU,table_cache_numshardbits,16,285949
SATASSD,12CPU,table_cache_numshardbits,4,122237
SATASSD,12CPU,table_cache_numshardbits,16,108661
NVMeSSD,12CPU,table_cache_numshardbits,4,407609
NVMeSSD,12CPU,table_cache_numshardbits,16,408258
SATAHDD,12CPU,target_file_size_base,67108864,266828
SATAHDD,12CPU,target_file_size_base,134217728,276664
SATAHDD,12CPU,target_file_size_base,33554432,275816
SATASSD,12CPU,target_file_size_base,67108864,127444
SATASSD,12CPU,target_file_size_base,134217728,120027
SATASSD,12CPU,target_file_size_base,33554432,138060
NVMeSSD,12CPU,target_file_size_base,67108864,411429
NVMeSSD,12CPU,target_file_size_base,134217728,412499
NVMeSSD,12CPU,target_file_size_base,33554432,405532
SATAHDD,12CPU,target_file_size_multiplier,1,270435
SATAHDD,12CPU,target_file_size_multiplier,4,255152
SATAHDD,12CPU,target_file_size_multiplier,10,264514
SATASSD,12CPU,target_file_size_multiplier,1,124028
SATASSD,12CPU,target_file_size_multiplier,4,100104
SATASSD,12CPU,target_file_size_multiplier,10,117919
NVMeSSD,12CPU,target_file_size_multiplier,1,411287
NVMeSSD,12CPU,target_file_size_multiplier,4,409252
NVMeSSD,12CPU,target_file_size_multiplier,10,396799
SATAHDD,12CPU,universal_allow_trivial_move,True,254472
SATAHDD,12CPU,universal_allow_trivial_move,False,245586
SATASSD,12CPU,universal_allow_trivial_move,True,118425
SATASSD,12CPU,universal_allow_trivial_move,False,114697
NVMeSSD,12CPU,universal_allow_trivial_move,True,413509
NVMeSSD,12CPU,universal_allow_trivial_move,False,407369
SATAHDD,12CPU,use_adaptive_mutex,True,240960
SATAHDD,12CPU,use_adaptive_mutex,False,258180
SATASSD,12CPU,use_adaptive_mutex,True,107833
SATASSD,12CPU,use_adaptive_mutex,False,117891
NVMeSSD,12CPU,use_adaptive_mutex,True,411353
NVMeSSD,12CPU,use_adaptive_mutex,False,410969
SATAHDD,12CPU,use_blob_db,True,210010
SATAHDD,12CPU,use_blob_db,False,256616
SATASSD,12CPU,use_blob_db,True,191296
SATASSD,12CPU,use_blob_db,False,119064
NVMeSSD,12CPU,use_blob_db,True,229129
NVMeSSD,12CPU,use_blob_db,False,408527
SATAHDD,12CPU,use_block_based_filter,True,242436
SATAHDD,12CPU,use_block_based_filter,False,262857
SATASSD,12CPU,use_block_based_filter,True,128597
SATASSD,12CPU,use_block_based_filter,False,123433
NVMeSSD,12CPU,use_block_based_filter,True,413161
NVMeSSD,12CPU,use_block_based_filter,False,408530
SATAHDD,12CPU,use_cuckoo_table,True,285144
SATAHDD,12CPU,use_cuckoo_table,False,249363
SATASSD,12CPU,use_cuckoo_table,True,134638
SATASSD,12CPU,use_cuckoo_table,False,121880
NVMeSSD,12CPU,use_cuckoo_table,True,374980
NVMeSSD,12CPU,use_cuckoo_table,False,404915
SATAHDD,12CPU,use_direct_io_for_flush_and_compaction,True,123920
SATAHDD,12CPU,use_direct_io_for_flush_and_compaction,False,241210
SATASSD,12CPU,use_direct_io_for_flush_and_compaction,True,123858
SATASSD,12CPU,use_direct_io_for_flush_and_compaction,False,114792
NVMeSSD,12CPU,use_direct_io_for_flush_and_compaction,True,404987
NVMeSSD,12CPU,use_direct_io_for_flush_and_compaction,False,406037
SATAHDD,12CPU,use_direct_reads,True,167228
SATAHDD,12CPU,use_direct_reads,False,217411
SATASSD,12CPU,use_direct_reads,True,161198
SATASSD,12CPU,use_direct_reads,False,121025
NVMeSSD,12CPU,use_direct_reads,True,402523
NVMeSSD,12CPU,use_direct_reads,False,406637
SATAHDD,12CPU,use_fsync,True,198543
SATAHDD,12CPU,use_fsync,False,188738
SATASSD,12CPU,use_fsync,True,112001
SATASSD,12CPU,use_fsync,False,114711
NVMeSSD,12CPU,use_fsync,True,394198
NVMeSSD,12CPU,use_fsync,False,407938
SATAHDD,12CPU,use_hash_search,True,195610
SATAHDD,12CPU,use_hash_search,False,205731
SATASSD,12CPU,use_hash_search,True,108006
SATASSD,12CPU,use_hash_search,False,102777
NVMeSSD,12CPU,use_hash_search,True,407928
NVMeSSD,12CPU,use_hash_search,False,379089
SATAHDD,12CPU,use_plain_table,True,301198
SATAHDD,12CPU,use_plain_table,False,284888
SATAHDD,12CPU,use_plain_table,True,301198
SATAHDD,12CPU,use_plain_table,False,284888
SATASSD,12CPU,use_plain_table,True,140975
SATASSD,12CPU,use_plain_table,False,123925
SATASSD,12CPU,use_plain_table,True,140975
SATASSD,12CPU,use_plain_table,False,123925
NVMeSSD,12CPU,use_plain_table,True,399376
NVMeSSD,12CPU,use_plain_table,False,405436
NVMeSSD,12CPU,use_plain_table,True,399376
NVMeSSD,12CPU,use_plain_table,False,405436
SATAHDD,12CPU,use_single_deletes,True,291405
SATAHDD,12CPU,use_single_deletes,False,308176
SATASSD,12CPU,use_single_deletes,True,108830
SATASSD,12CPU,use_single_deletes,False,117669
NVMeSSD,12CPU,use_single_deletes,True,405529
NVMeSSD,12CPU,use_single_deletes,False,374814
SATAHDD,12CPU,use_tailing_iterator,True,297379
SATAHDD,12CPU,use_tailing_iterator,False,297107
SATASSD,12CPU,use_tailing_iterator,True,128370
SATASSD,12CPU,use_tailing_iterator,False,116356
NVMeSSD,12CPU,use_tailing_iterator,True,410562
NVMeSSD,12CPU,use_tailing_iterator,False,410738
SATAHDD,12CPU,use_uint64_comparator,True,284559
SATAHDD,12CPU,use_uint64_comparator,False,300637
SATASSD,12CPU,use_uint64_comparator,True,125606
SATASSD,12CPU,use_uint64_comparator,False,117359
NVMeSSD,12CPU,use_uint64_comparator,True,416323
NVMeSSD,12CPU,use_uint64_comparator,False,406181
SATAHDD,12CPU,verify_checksum,True,278209
SATAHDD,12CPU,verify_checksum,False,304375
SATASSD,12CPU,verify_checksum,True,125143
SATASSD,12CPU,verify_checksum,False,116503
NVMeSSD,12CPU,verify_checksum,True,409431
NVMeSSD,12CPU,verify_checksum,False,408187
SATAHDD,12CPU,wal_bytes_per_sync,0,299556
SATASSD,12CPU,wal_bytes_per_sync,0,114047
NVMeSSD,12CPU,wal_bytes_per_sync,0,409196
SATAHDD,12CPU,wal_dir,homejinghuanNVMeSSD,292327
SATAHDD,12CPU,wal_dir,homejinghuanSATASSD,264573
SATAHDD,12CPU,wal_dir,homejinghuanSATAHDD,236746
SATASSD,12CPU,wal_dir,homejinghuanNVMeSSD,157035
SATASSD,12CPU,wal_dir,homejinghuanSATASSD,129035
SATASSD,12CPU,wal_dir,homejinghuanSATAHDD,182373
NVMeSSD,12CPU,wal_dir,homejinghuanNVMeSSD,407596
NVMeSSD,12CPU,wal_dir,homejinghuanSATASSD,414681
NVMeSSD,12CPU,wal_dir,homejinghuanSATAHDD,407914
SATAHDD,12CPU,writable_file_max_buffer_size,104857,281644
SATAHDD,12CPU,writable_file_max_buffer_size,1048576,291158
SATAHDD,12CPU,writable_file_max_buffer_size,10485760,290962
SATASSD,12CPU,writable_file_max_buffer_size,104857,116230
SATASSD,12CPU,writable_file_max_buffer_size,1048576,114740
SATASSD,12CPU,writable_file_max_buffer_size,10485760,123247
NVMeSSD,12CPU,writable_file_max_buffer_size,104857,414899
NVMeSSD,12CPU,writable_file_max_buffer_size,1048576,411299
NVMeSSD,12CPU,writable_file_max_buffer_size,10485760,407650
